{"cameraMode":{"drawMode":0,"name":"Shaded","section":"Shading Mode"},"sceneLighting":false,"audioPlay":false,"sceneViewState":{"m_AlwaysRefresh":false,"showFog":true,"showSkybox":false,"showFlares":true,"showImageEffects":true,"showParticleSystems":true,"showVisualEffectGraphs":true,"m_FxEnabled":true},"in2DMode":false,"pivot":{"x":2.508457660675049,"y":2.874337673187256,"z":70.19781494140625},"rotation":{"x":-0.23797966539859773,"y":-0.013988273218274117,"z":0.0034302175045013429,"w":-0.9711702466011047},"size":100.72679901123047,"orthographic":false}