{"cameraMode":{"drawMode":0,"name":"Shaded","section":"Shading Mode"},"sceneLighting":false,"audioPlay":false,"sceneViewState":{"m_AlwaysRefresh":false,"showFog":true,"showSkybox":false,"showFlares":true,"showImageEffects":true,"showParticleSystems":true,"showVisualEffectGraphs":true,"m_FxEnabled":true},"in2DMode":false,"pivot":{"x":4.999994277954102,"y":0.6717385053634644,"z":-46.50000762939453},"rotation":{"x":-0.2072972059249878,"y":0.0005848495056852698,"z":-0.0001194719152408652,"w":-0.9782872200012207},"size":2.727203130722046,"orthographic":false}