{"cameraMode":{"drawMode":0,"name":"Shaded","section":"Shading Mode"},"sceneLighting":true,"audioPlay":false,"sceneViewState":{"m_AlwaysRefresh":false,"showFog":true,"showSkybox":true,"showFlares":true,"showImageEffects":true,"showParticleSystems":true,"showVisualEffectGraphs":true,"m_FxEnabled":true},"in2DMode":false,"pivot":{"x":2.384185791015625e-7,"y":2.268474578857422,"z":0.010605812072753907},"rotation":{"x":-0.1300642043352127,"y":0.03152070939540863,"z":-0.004136949311941862,"w":-0.9909963607788086},"size":5.741682529449463,"orthographic":false}