{"cameraMode":{"drawMode":0,"name":"Shaded","section":"Shading Mode"},"sceneLighting":true,"audioPlay":false,"sceneViewState":{"m_AlwaysRefresh":false,"showFog":true,"showSkybox":true,"showFlares":true,"showImageEffects":true,"showParticleSystems":true,"showVisualEffectGraphs":true,"m_FxEnabled":true},"in2DMode":false,"pivot":{"x":1.1920928955078126e-7,"y":2.268474578857422,"z":0.7877182960510254},"rotation":{"x":-0.23495711386203767,"y":0.03265005350112915,"z":-0.007894335314631462,"w":-0.9714329242706299},"size":4.983298301696777,"orthographic":false}