{"cameraMode":{"drawMode":0,"name":"Shaded","section":"Shading Mode"},"sceneLighting":false,"audioPlay":false,"sceneViewState":{"m_AlwaysRefresh":false,"showFog":true,"showSkybox":false,"showFlares":true,"showImageEffects":true,"showParticleSystems":true,"showVisualEffectGraphs":true,"m_FxEnabled":true},"in2DMode":false,"pivot":{"x":3.068325996398926,"y":2.791823387145996,"z":110.25892639160156},"rotation":{"x":-0.13043121993541718,"y":-0.00981790479272604,"z":0.0012948880903422833,"w":-0.9914164543151856},"size":43.77716064453125,"orthographic":false}