{"cameraMode":{"drawMode":0,"name":"Shaded","section":"Shading Mode"},"sceneLighting":false,"audioPlay":false,"sceneViewState":{"m_AlwaysRefresh":false,"showFog":true,"showSkybox":false,"showFlares":true,"showImageEffects":true,"showParticleSystems":true,"showVisualEffectGraphs":true,"m_FxEnabled":true},"in2DMode":false,"pivot":{"x":2.508457660675049,"y":2.9901132583618166,"z":70.19781494140625},"rotation":{"x":-0.33537742495536806,"y":-0.03898926451802254,"z":0.013895906507968903,"w":-0.9411805272102356},"size":100.72116088867188,"orthographic":false}